Date,Open,High,Low,Price,Change %
07/31/2024,1.0816,1.0850,1.0802,1.0825,0.09%
07/30/2024,1.0821,1.0837,1.0797,1.0815,-0.04%
07/29/2024,1.0864,1.0870,1.0803,1.0819,-0.35%
07/26/2024,1.0847,1.0869,1.0841,1.0857,0.12%
07/25/2024,1.0840,1.0870,1.0827,1.0844,0.05%
07/24/2024,1.0854,1.0868,1.0826,1.0839,-0.11%
07/23/2024,1.0892,1.0898,1.0843,1.0851,-0.35%
07/22/2024,1.0881,1.0904,1.0872,1.0889,0.11%
07/19/2024,1.0901,1.0903,1.0876,1.0877,-0.17%
07/18/2024,1.0938,1.0941,1.0893,1.0896,-0.37%
07/17/2024,1.0899,1.0948,1.0895,1.0937,0.37%
07/16/2024,1.0895,1.0906,1.0871,1.0897,0.03%
07/15/2024,1.0887,1.0923,1.0883,1.0894,-0.11%
07/12/2024,1.0866,1.0912,1.0861,1.0906,0.38%
07/11/2024,1.0831,1.0901,1.0826,1.0865,0.32%
07/10/2024,1.0813,1.0832,1.0811,1.0830,0.17%
07/09/2024,1.0829,1.0834,1.0805,1.0812,-0.09%
07/08/2024,1.0809,1.0846,1.0802,1.0822,-0.13%
07/05/2024,1.0812,1.0843,1.0809,1.0836,0.24%
07/04/2024,1.0786,1.0814,1.0783,1.0810,0.22%
07/03/2024,1.0743,1.0818,1.0735,1.0786,0.39%
07/02/2024,1.0741,1.0748,1.0709,1.0744,0.06%
07/01/2024,1.0728,1.0777,1.0719,1.0738,0.23%
06/28/2024,1.0703,1.0726,1.0684,1.0713,0.10%
06/27/2024,1.0680,1.0727,1.0676,1.0702,0.22%
06/26/2024,1.0713,1.0718,1.0666,1.0679,-0.32%
06/25/2024,1.0735,1.0745,1.0690,1.0713,-0.18%
06/24/2024,1.0688,1.0747,1.0683,1.0732,0.38%
06/21/2024,1.0702,1.0721,1.0670,1.0691,-0.08%
06/20/2024,1.0745,1.0749,1.0702,1.0700,-0.39%
06/19/2024,1.0740,1.0754,1.0724,1.0742,0.04%
06/18/2024,1.0734,1.0762,1.0709,1.0738,0.04%
06/17/2024,1.0702,1.0739,1.0686,1.0734,0.32%
06/14/2024,1.0737,1.0746,1.0668,1.0700,-0.33%
06/13/2024,1.0809,1.0817,1.0733,1.0735,-0.67%
06/12/2024,1.0742,1.0853,1.0734,1.0807,0.63%
06/11/2024,1.0765,1.0775,1.0719,1.0739,-0.22%
06/10/2024,1.0797,1.0797,1.0732,1.0763,-0.34%
06/07/2024,1.0890,1.0903,1.0799,1.0800,-0.81%
06/06/2024,1.0869,1.0903,1.0862,1.0888,0.18%
06/05/2024,1.0879,1.0892,1.0854,1.0868,-0.09%
06/04/2024,1.0904,1.0917,1.0859,1.0878,-0.22%
06/03/2024,1.0851,1.0905,1.0826,1.0902,0.56%
05/31/2024,1.0832,1.0883,1.0811,1.0841,0.08%
05/30/2024,1.0802,1.0846,1.0788,1.0832,0.30%
05/29/2024,1.0857,1.0861,1.0799,1.0800,-0.51%
05/28/2024,1.0860,1.0890,1.0853,1.0855,-0.03%
05/27/2024,1.0854,1.0868,1.0841,1.0858,0.12%
05/24/2024,1.0814,1.0859,1.0805,1.0845,0.30%
05/23/2024,1.0824,1.0862,1.0805,1.0813,-0.07%
05/22/2024,1.0855,1.0864,1.0817,1.0821,-0.30%
05/21/2024,1.0859,1.0876,1.0842,1.0854,-0.01%
05/20/2024,1.0866,1.0885,1.0854,1.0855,-0.14%
05/17/2024,1.0866,1.0879,1.0835,1.0870,0.05%
05/16/2024,1.0885,1.0896,1.0854,1.0865,-0.16%
05/15/2024,1.0819,1.0886,1.0812,1.0882,0.59%
05/14/2024,1.0788,1.0826,1.0767,1.0818,0.28%
05/13/2024,1.0774,1.0807,1.0766,1.0788,0.18%
05/10/2024,1.0782,1.0790,1.0760,1.0769,-0.11%
05/09/2024,1.0751,1.0785,1.0724,1.0781,0.34%
05/08/2024,1.0754,1.0758,1.0734,1.0745,-0.07%
05/07/2024,1.0770,1.0788,1.0747,1.0752,-0.15%
05/06/2024,1.0762,1.0791,1.0754,1.0768,0.09%
05/03/2024,1.0727,1.0813,1.0724,1.0758,0.31%
05/02/2024,1.0711,1.0731,1.0674,1.0725,0.15%
05/01/2024,1.0664,1.0733,1.0649,1.0709,0.41%
04/30/2024,1.0724,1.0736,1.0664,1.0665,-0.50%
04/29/2024,1.0695,1.0734,1.0690,1.0719,0.25%
04/26/2024,1.0732,1.0754,1.0674,1.0692,-0.34%
04/25/2024,1.0699,1.0740,1.0678,1.0729,0.30%
04/24/2024,1.0703,1.0715,1.0677,1.0697,-0.02%
04/23/2024,1.0655,1.0712,1.0638,1.0699,0.42%
04/22/2024,1.0656,1.0671,1.0623,1.0654,0.00%
04/19/2024,1.0645,1.0678,1.0610,1.0654,0.10%
04/18/2024,1.0672,1.0690,1.0641,1.0643,-0.26%
04/17/2024,1.0619,1.0680,1.0605,1.0671,0.51%
04/16/2024,1.0624,1.0654,1.0601,1.0617,-0.05%
04/15/2024,1.0637,1.0666,1.0619,1.0622,-0.19%
04/12/2024,1.0726,1.0731,1.0622,1.0642,-0.76%
04/11/2024,1.0743,1.0757,1.0698,1.0724,-0.17%
04/10/2024,1.0857,1.0868,1.0728,1.0742,-1.04%
04/09/2024,1.0859,1.0886,1.0847,1.0855,-0.03%
04/08/2024,1.0843,1.0863,1.0820,1.0858,0.21%
04/05/2024,1.0836,1.0848,1.0791,1.0835,0.00%
04/04/2024,1.0833,1.0877,1.0832,1.0835,0.00%
04/03/2024,1.0772,1.0838,1.0763,1.0835,0.62%
04/02/2024,1.0743,1.0780,1.0724,1.0768,0.23%
04/01/2024,1.0788,1.0799,1.0731,1.0743,-0.46%
03/29/2024,1.0790,1.0806,1.0767,1.0793,0.06%
03/28/2024,1.0827,1.0828,1.0774,1.0787,-0.36%
03/27/2024,1.0832,1.0840,1.0810,1.0826,-0.04%
03/26/2024,1.0838,1.0865,1.0824,1.0830,-0.06%
03/25/2024,1.0808,1.0843,1.0802,1.0836,0.29%
03/22/2024,1.0860,1.0869,1.0802,1.0805,-0.51%
03/21/2024,1.0921,1.0943,1.0855,1.0860,-0.53%
03/20/2024,1.0864,1.0924,1.0836,1.0918,0.49%
03/19/2024,1.0873,1.0877,1.0834,1.0865,-0.06%
03/18/2024,1.0893,1.0906,1.0865,1.0871,-0.15%
03/15/2024,1.0883,1.0900,1.0872,1.0887,0.06%
03/14/2024,1.0950,1.0955,1.0880,1.0881,-0.59%
03/13/2024,1.0926,1.0964,1.0920,1.0946,0.20%
03/12/2024,1.0925,1.0946,1.0899,1.0924,-0.02%
03/11/2024,1.0944,1.0948,1.0914,1.0926,-0.10%
03/08/2024,1.0948,1.0982,1.0919,1.0937,-0.08%
03/07/2024,1.0897,1.0950,1.0868,1.0946,0.45%
03/06/2024,1.0859,1.0916,1.0841,1.0897,0.39%
03/05/2024,1.0855,1.0877,1.0840,1.0855,0.01%
03/04/2024,1.0842,1.0868,1.0838,1.0854,0.16%
03/01/2024,1.0804,1.0844,1.0797,1.0837,0.31%
02/29/2024,1.0836,1.0857,1.0795,1.0803,-0.30%
02/28/2024,1.0844,1.0848,1.0796,1.0836,-0.07%
02/27/2024,1.0850,1.0867,1.0832,1.0844,-0.03%
02/26/2024,1.0826,1.0861,1.0812,1.0847,0.27%
02/23/2024,1.0824,1.0841,1.0812,1.0818,-0.05%
02/22/2024,1.0816,1.0889,1.0802,1.0823,0.06%
02/21/2024,1.0807,1.0825,1.0790,1.0817,0.13%
02/20/2024,1.0779,1.0840,1.0761,1.0803,0.24%
02/19/2024,1.0776,1.0790,1.0761,1.0777,0.03%
02/16/2024,1.0770,1.0788,1.0732,1.0774,0.03%
02/15/2024,1.0727,1.0785,1.0725,1.0771,0.43%
02/14/2024,1.0710,1.0735,1.0695,1.0725,0.15%
02/13/2024,1.0772,1.0796,1.0700,1.0709,-0.58%
02/12/2024,1.0781,1.0806,1.0755,1.0771,-0.10%
02/09/2024,1.0779,1.0796,1.0761,1.0782,0.06%
02/08/2024,1.0772,1.0790,1.0741,1.0776,0.05%
02/07/2024,1.0755,1.0784,1.0753,1.0771,0.16%
02/06/2024,1.0743,1.0763,1.0723,1.0754,0.12%
02/05/2024,1.0784,1.0787,1.0723,1.0741,-0.40%
02/02/2024,1.0873,1.0898,1.0780,1.0784,-0.81%
02/01/2024,1.0814,1.0876,1.0779,1.0872,0.52%
01/31/2024,1.0844,1.0889,1.0795,1.0816,-0.22%
01/30/2024,1.0833,1.0857,1.0811,1.0840,0.06%
01/29/2024,1.0849,1.0850,1.0796,1.0833,-0.18%
01/26/2024,1.0843,1.0885,1.0812,1.0852,0.06%
01/25/2024,1.0885,1.0903,1.0821,1.0846,-0.34%
01/24/2024,1.0854,1.0933,1.0845,1.0883,0.29%
01/23/2024,1.0883,1.0917,1.0821,1.0851,-0.28%
01/22/2024,1.0891,1.0911,1.0879,1.0881,-0.15%
01/19/2024,1.0876,1.0898,1.0865,1.0897,0.21%
01/18/2024,1.0882,1.0907,1.0846,1.0874,-0.06%
01/17/2024,1.0874,1.0885,1.0844,1.0881,0.06%
01/16/2024,1.0950,1.0952,1.0862,1.0874,-0.68%
01/15/2024,1.0955,1.0969,1.0933,1.0948,-0.01%
01/12/2024,1.0974,1.0987,1.0935,1.0949,-0.19%
01/11/2024,1.0973,1.0991,1.0929,1.0970,-0.01%
01/10/2024,1.0931,1.0974,1.0922,1.0971,0.37%
01/09/2024,1.0952,1.0967,1.0910,1.0931,-0.16%
01/08/2024,1.0946,1.0979,1.0922,1.0949,0.07%
01/05/2024,1.0947,1.0999,1.0876,1.0941,-0.02%
01/04/2024,1.0921,1.0973,1.0915,1.0943,0.20%
01/03/2024,1.0943,1.0966,1.0892,1.0921,-0.24%
01/02/2024,1.1044,1.1046,1.0938,1.0947,-0.88%
01/01/2024,1.1044,1.1048,1.1036,1.1044,0.07%
12/29/2023,1.1061,1.1085,1.1034,1.1036,-0.21%
12/28/2023,1.1107,1.1141,1.1055,1.1059,-0.40%
12/27/2023,1.1043,1.1123,1.1028,1.1103,0.55%
12/26/2023,1.1010,1.1046,1.1008,1.1042,0.32%
12/25/2023,1.1017,1.1022,1.0993,1.1007,-0.03%
12/22/2023,1.1010,1.1041,1.0993,1.1010,0.02%
12/21/2023,1.0941,1.1013,1.0934,1.1008,0.64%
12/20/2023,1.0980,1.0985,1.0929,1.0938,-0.38%
12/19/2023,1.0924,1.0988,1.0914,1.0980,0.53%
12/18/2023,1.0903,1.0932,1.0891,1.0922,0.26%
12/15/2023,1.0994,1.1005,1.0889,1.0894,-0.88%
12/14/2023,1.0874,1.1010,1.0872,1.0991,1.09%
12/13/2023,1.0793,1.0898,1.0773,1.0873,0.75%
12/12/2023,1.0762,1.0829,1.0759,1.0792,0.29%
12/11/2023,1.0762,1.0780,1.0741,1.0761,0.00%
12/08/2023,1.0794,1.0802,1.0723,1.0761,-0.29%
12/07/2023,1.0769,1.0818,1.0755,1.0792,0.28%
12/06/2023,1.0793,1.0805,1.0759,1.0762,-0.31%
12/05/2023,1.0836,1.0848,1.0777,1.0795,-0.38%
12/04/2023,1.0887,1.0896,1.0804,1.0836,-0.41%
12/01/2023,1.0887,1.0913,1.0828,1.0881,-0.05%
11/30/2023,1.0971,1.0985,1.0878,1.0886,-0.75%
11/29/2023,1.0992,1.1018,1.0960,1.0968,-0.20%
11/28/2023,1.0954,1.1010,1.0934,1.0990,0.34%
11/27/2023,1.0937,1.0960,1.0925,1.0953,0.13%
11/24/2023,1.0905,1.0949,1.0895,1.0939,0.32%
11/23/2023,1.0888,1.0932,1.0884,1.0904,0.16%
11/22/2023,1.0911,1.0924,1.0852,1.0887,-0.20%
11/21/2023,1.0940,1.0965,1.0899,1.0909,-0.27%
11/20/2023,1.0913,1.0953,1.0897,1.0938,0.28%
11/17/2023,1.0848,1.0917,1.0825,1.0907,0.53%
11/16/2023,1.0847,1.0897,1.0829,1.0850,0.04%
11/15/2023,1.0879,1.0886,1.0831,1.0846,-0.30%
11/14/2023,1.0698,1.0889,1.0692,1.0879,1.70%
11/13/2023,1.0684,1.0706,1.0664,1.0697,0.15%
11/10/2023,1.0668,1.0694,1.0655,1.0681,0.14%
11/09/2023,1.0707,1.0726,1.0660,1.0666,-0.38%
11/08/2023,1.0699,1.0717,1.0659,1.0707,0.07%
11/07/2023,1.0717,1.0724,1.0663,1.0699,-0.15%
11/06/2023,1.0729,1.0757,1.0716,1.0715,-0.13%
11/03/2023,1.0623,1.0747,1.0615,1.0729,1.03%
11/02/2023,1.0569,1.0668,1.0566,1.0620,0.49%
11/01/2023,1.0574,1.0582,1.0517,1.0568,-0.08%
10/31/2023,1.0616,1.0675,1.0555,1.0576,-0.35%
10/30/2023,1.0566,1.0626,1.0546,1.0613,0.46%
10/27/2023,1.0558,1.0598,1.0535,1.0564,0.04%
10/26/2023,1.0570,1.0575,1.0522,1.0560,-0.03%
10/25/2023,1.0591,1.0608,1.0565,1.0563,-0.24%
10/24/2023,1.0669,1.0695,1.0582,1.0588,-0.75%
10/23/2023,1.0594,1.0678,1.0570,1.0668,0.71%
10/20/2023,1.0586,1.0604,1.0564,1.0593,0.13%
10/19/2023,1.0535,1.0618,1.0527,1.0579,0.42%
10/18/2023,1.0575,1.0595,1.0523,1.0535,-0.38%
10/17/2023,1.0560,1.0596,1.0532,1.0575,0.16%
10/16/2023,1.0507,1.0563,1.0507,1.0558,0.47%
10/13/2023,1.0527,1.0560,1.0495,1.0509,-0.16%
10/12/2023,1.0622,1.0640,1.0525,1.0526,-0.86%
10/11/2023,1.0605,1.0635,1.0580,1.0617,0.13%
10/10/2023,1.0567,1.0620,1.0554,1.0603,0.36%
10/09/2023,1.0563,1.0575,1.0519,1.0565,-0.20%
10/06/2023,1.0550,1.0601,1.0482,1.0586,0.36%
10/05/2023,1.0509,1.0553,1.0500,1.0548,0.43%
10/04/2023,1.0470,1.0533,1.0451,1.0503,0.36%
10/03/2023,1.0477,1.0495,1.0448,1.0465,-0.11%
10/02/2023,1.0568,1.0592,1.0476,1.0476,-0.89%
09/29/2023,1.0566,1.0618,1.0558,1.0570,0.10%
09/28/2023,1.0503,1.0580,1.0490,1.0559,0.56%
09/27/2023,1.0569,1.0575,1.0488,1.0500,-0.66%
09/26/2023,1.0593,1.0611,1.0561,1.0570,-0.19%
09/25/2023,1.0655,1.0656,1.0574,1.0590,-0.58%
09/22/2023,1.0660,1.0673,1.0614,1.0652,-0.06%
09/21/2023,1.0660,1.0675,1.0617,1.0658,-0.01%
09/20/2023,1.0682,1.0738,1.0649,1.0659,-0.17%
09/19/2023,1.0687,1.0718,1.0674,1.0677,-0.12%
09/18/2023,1.0663,1.0699,1.0654,1.0690,0.33%
09/15/2023,1.0639,1.0689,1.0632,1.0655,0.13%
09/14/2023,1.0729,1.0753,1.0631,1.0641,-0.81%
09/13/2023,1.0754,1.0766,1.0711,1.0728,-0.22%
09/12/2023,1.0751,1.0769,1.0705,1.0752,0.04%
09/11/2023,1.0716,1.0760,1.0707,1.0748,0.46%
09/08/2023,1.0697,1.0745,1.0694,1.0699,0.00%
09/07/2023,1.0726,1.0733,1.0686,1.0699,-0.26%
09/06/2023,1.0729,1.0749,1.0703,1.0727,0.07%
09/05/2023,1.0797,1.0799,1.0706,1.0720,-0.69%
09/04/2023,1.0777,1.0810,1.0771,1.0794,0.19%
09/01/2023,1.0840,1.0883,1.0771,1.0773,-0.63%
08/31/2023,1.0926,1.0941,1.0834,1.0841,-0.76%
08/30/2023,1.0879,1.0947,1.0855,1.0924,0.43%
08/29/2023,1.0814,1.0892,1.0782,1.0877,0.55%
08/28/2023,1.0801,1.0823,1.0793,1.0817,0.16%
08/25/2023,1.0810,1.0842,1.0766,1.0800,-0.08%
08/24/2023,1.0863,1.0877,1.0805,1.0809,-0.46%
08/23/2023,1.0848,1.0872,1.0802,1.0859,0.14%
08/22/2023,1.0893,1.0932,1.0833,1.0844,-0.43%
08/21/2023,1.0878,1.0914,1.0869,1.0891,0.24%
08/18/2023,1.0872,1.0895,1.0845,1.0865,-0.06%
08/17/2023,1.0876,1.0919,1.0855,1.0871,-0.03%
08/16/2023,1.0907,1.0935,1.0871,1.0874,-0.28%
08/15/2023,1.0906,1.0954,1.0897,1.0904,0.00%
08/14/2023,1.0953,1.0961,1.0874,1.0904,-0.37%
08/11/2023,1.0981,1.1006,1.0942,1.0944,-0.32%
08/10/2023,1.0975,1.1065,1.0967,1.0979,0.05%
08/09/2023,1.0953,1.0996,1.0951,1.0973,0.17%
08/08/2023,1.1001,1.1012,1.0928,1.0954,-0.44%
08/07/2023,1.1018,1.1019,1.0965,1.1002,-0.07%
08/04/2023,1.0946,1.1042,1.0934,1.1010,0.60%
08/03/2023,1.0938,1.0963,1.0912,1.0944,0.07%
08/02/2023,1.0983,1.1020,1.0918,1.0936,-0.42%
08/01/2023,1.0996,1.1004,1.0951,1.0982,-0.10%
07/31/2023,1.1023,1.1047,1.0993,1.0993,-0.20%
07/28/2023,1.0978,1.1048,1.0943,1.1015,0.38%
07/27/2023,1.1081,1.1150,1.0965,1.0973,-0.99%
07/26/2023,1.1053,1.1107,1.1037,1.1083,0.27%
07/25/2023,1.1065,1.1087,1.1020,1.1053,-0.08%
07/24/2023,1.1127,1.1148,1.1059,1.1062,-0.55%
07/21/2023,1.1133,1.1145,1.1107,1.1123,-0.04%
07/20/2023,1.1200,1.1229,1.1118,1.1128,-0.63%
07/19/2023,1.1227,1.1241,1.1174,1.1198,-0.25%
07/18/2023,1.1237,1.1277,1.1208,1.1226,-0.07%
07/17/2023,1.1235,1.1250,1.1203,1.1234,0.06%
07/14/2023,1.1227,1.1245,1.1204,1.1227,0.03%
07/13/2023,1.1131,1.1228,1.1128,1.1224,0.86%
07/12/2023,1.1008,1.1141,1.1004,1.1128,1.11%
07/11/2023,1.1000,1.1027,1.0977,1.1006,0.06%
07/10/2023,1.0971,1.1003,1.0943,1.0999,0.29%
07/07/2023,1.0887,1.0975,1.0867,1.0967,0.73%
07/06/2023,1.0858,1.0901,1.0833,1.0887,0.33%
07/05/2023,1.0878,1.0908,1.0850,1.0851,-0.24%
07/04/2023,1.0911,1.0918,1.0876,1.0877,-0.31%
07/03/2023,1.0911,1.0934,1.0870,1.0911,0.01%
06/30/2023,1.0864,1.0933,1.0834,1.0910,0.42%
06/29/2023,1.0914,1.0942,1.0860,1.0864,-0.43%
06/28/2023,1.0961,1.0963,1.0897,1.0911,-0.44%
06/27/2023,1.0910,1.0977,1.0902,1.0959,0.50%
06/26/2023,1.0897,1.0921,1.0887,1.0904,0.14%
06/23/2023,1.0957,1.0960,1.0843,1.0889,-0.61%
06/22/2023,1.0986,1.1012,1.0948,1.0956,-0.25%
06/21/2023,1.0916,1.0991,1.0905,1.0984,0.62%
06/20/2023,1.0921,1.0947,1.0892,1.0916,-0.05%
06/19/2023,1.0942,1.0947,1.0906,1.0922,-0.10%
06/16/2023,1.0944,1.0971,1.0918,1.0933,-0.11%
06/15/2023,1.0830,1.0954,1.0803,1.0945,1.05%
06/14/2023,1.0792,1.0864,1.0774,1.0831,0.37%
06/13/2023,1.0755,1.0825,1.0754,1.0791,0.32%
06/12/2023,1.0751,1.0791,1.0733,1.0757,0.09%
06/09/2023,1.0782,1.0786,1.0742,1.0747,-0.32%
06/08/2023,1.0699,1.0788,1.0696,1.0781,0.79%
06/07/2023,1.0695,1.0740,1.0668,1.0697,0.06%
06/06/2023,1.0714,1.0733,1.0667,1.0691,-0.20%
06/05/2023,1.0712,1.0724,1.0674,1.0712,0.06%
06/02/2023,1.0762,1.0780,1.0704,1.0706,-0.51%
06/01/2023,1.0690,1.0769,1.0661,1.0761,0.68%
05/31/2023,1.0736,1.0737,1.0634,1.0688,-0.42%
05/30/2023,1.0707,1.0747,1.0672,1.0733,0.26%
05/29/2023,1.0726,1.0745,1.0705,1.0705,-0.18%
05/26/2023,1.0722,1.0760,1.0701,1.0724,0.05%
05/25/2023,1.0750,1.0757,1.0707,1.0719,-0.27%
05/24/2023,1.0775,1.0802,1.0747,1.0748,-0.19%
05/23/2023,1.0812,1.0821,1.0760,1.0768,-0.40%
05/22/2023,1.0814,1.0832,1.0795,1.0811,0.08%
05/19/2023,1.0771,1.0829,1.0760,1.0802,0.31%
05/18/2023,1.0840,1.0848,1.0762,1.0769,-0.65%
05/17/2023,1.0862,1.0875,1.0810,1.0839,-0.20%
05/16/2023,1.0874,1.0905,1.0855,1.0861,-0.10%
05/15/2023,1.0856,1.0891,1.0845,1.0872,0.22%
05/12/2023,1.0916,1.0936,1.0848,1.0848,-0.60%
05/11/2023,1.0981,1.0999,1.0899,1.0914,-0.60%
05/10/2023,1.0961,1.1007,1.0941,1.0980,0.18%
05/09/2023,1.1006,1.1006,1.0941,1.0960,-0.40%
05/08/2023,1.1033,1.1055,1.0999,1.1004,-0.12%
05/05/2023,1.1012,1.1049,1.0967,1.1017,0.05%
05/04/2023,1.1060,1.1092,1.0985,1.1011,-0.43%
05/03/2023,1.0999,1.1092,1.0999,1.1059,0.55%
05/02/2023,1.0973,1.1009,1.0941,1.0999,0.22%
05/01/2023,1.1035,1.1038,1.0963,1.0975,-0.41%
04/28/2023,1.1028,1.1046,1.0962,1.1020,-0.06%
04/27/2023,1.1042,1.1064,1.0992,1.1027,-0.12%
04/26/2023,1.0972,1.1096,1.0967,1.1040,0.62%
04/25/2023,1.1046,1.1068,1.0963,1.0972,-0.62%
04/24/2023,1.0991,1.1051,1.0965,1.1041,0.49%
04/21/2023,1.0970,1.0994,1.0938,1.0987,0.18%
04/20/2023,1.0956,1.0991,1.0933,1.0967,0.12%
04/19/2023,1.0972,1.0984,1.0917,1.0954,-0.15%
04/18/2023,1.0924,1.0984,1.0921,1.0971,0.41%
04/17/2023,1.0990,1.1000,1.0908,1.0926,-0.67%
04/14/2023,1.1043,1.1077,1.0972,1.1000,-0.40%
04/13/2023,1.0992,1.1069,1.0977,1.1044,0.50%
04/12/2023,1.0913,1.1001,1.0911,1.0989,0.72%
04/11/2023,1.0863,1.0928,1.0857,1.0910,0.47%
04/10/2023,1.0901,1.0918,1.0831,1.0859,-0.35%
04/07/2023,1.0923,1.0926,1.0876,1.0897,-0.21%
04/06/2023,1.0903,1.0939,1.0884,1.0920,0.16%
04/05/2023,1.0953,1.0970,1.0891,1.0903,-0.45%
04/04/2023,1.0901,1.0974,1.0883,1.0952,0.52%
04/03/2023,1.0847,1.0918,1.0788,1.0895,0.52%
03/31/2023,1.0906,1.0927,1.0836,1.0839,-0.57%
03/30/2023,1.0844,1.0927,1.0823,1.0901,0.53%
03/29/2023,1.0844,1.0872,1.0817,1.0843,0.00%
03/28/2023,1.0797,1.0849,1.0795,1.0843,0.44%
03/27/2023,1.0767,1.0800,1.0745,1.0796,0.34%
03/24/2023,1.0829,1.0840,1.0713,1.0759,-0.66%
03/23/2023,1.0856,1.0931,1.0824,1.0830,-0.23%
03/22/2023,1.0768,1.0913,1.0759,1.0855,0.82%
03/21/2023,1.0721,1.0789,1.0704,1.0767,0.45%
03/20/2023,1.0697,1.0732,1.0631,1.0719,0.50%
03/17/2023,1.0609,1.0686,1.0605,1.0666,0.58%
03/16/2023,1.0577,1.0637,1.0550,1.0605,0.28%
03/15/2023,1.0733,1.0761,1.0516,1.0575,-1.46%
03/14/2023,1.0731,1.0750,1.0678,1.0732,0.03%
03/13/2023,1.0647,1.0749,1.0647,1.0729,0.81%
03/10/2023,1.0580,1.0702,1.0573,1.0643,0.60%
03/09/2023,1.0545,1.0591,1.0538,1.0580,0.34%
03/08/2023,1.0549,1.0575,1.0524,1.0544,-0.03%
03/07/2023,1.0681,1.0695,1.0546,1.0547,-1.23%
03/06/2023,1.0619,1.0695,1.0615,1.0678,0.43%
03/03/2023,1.0598,1.0639,1.0587,1.0632,0.34%
03/02/2023,1.0668,1.0674,1.0575,1.0596,-0.65%
03/01/2023,1.0576,1.0692,1.0565,1.0665,0.84%
02/28/2023,1.0605,1.0646,1.0574,1.0576,-0.29%
02/27/2023,1.0541,1.0620,1.0532,1.0607,0.58%
02/24/2023,1.0597,1.0616,1.0536,1.0546,-0.46%
02/23/2023,1.0603,1.0628,1.0576,1.0595,-0.06%
02/22/2023,1.0648,1.0664,1.0598,1.0601,-0.42%
02/21/2023,1.0686,1.0698,1.0637,1.0646,-0.34%
02/20/2023,1.0688,1.0705,1.0670,1.0682,-0.11%
02/17/2023,1.0674,1.0699,1.0612,1.0694,0.24%
02/16/2023,1.0690,1.0723,1.0654,1.0668,-0.20%
02/15/2023,1.0738,1.0746,1.0660,1.0689,-0.43%
02/14/2023,1.0723,1.0805,1.0706,1.0735,0.14%
02/13/2023,1.0679,1.0731,1.0655,1.0720,0.42%
02/10/2023,1.0738,1.0754,1.0666,1.0675,-0.57%
02/09/2023,1.0711,1.0793,1.0709,1.0736,0.25%
02/08/2023,1.0726,1.0761,1.0709,1.0709,-0.13%
02/07/2023,1.0727,1.0768,1.0667,1.0723,-0.07%
02/06/2023,1.0790,1.0799,1.0709,1.0730,-0.58%
02/03/2023,1.0909,1.0941,1.0791,1.0793,-1.07%
02/02/2023,1.0990,1.1034,1.0885,1.0910,-0.72%
02/01/2023,1.0864,1.1001,1.0852,1.0989,1.17%
01/31/2023,1.0850,1.0876,1.0802,1.0862,0.17%
01/30/2023,1.0875,1.0914,1.0839,1.0844,-0.21%
01/27/2023,1.0892,1.0901,1.0836,1.0867,-0.20%
01/26/2023,1.0917,1.0930,1.0849,1.0889,-0.24%
01/25/2023,1.0881,1.0925,1.0856,1.0915,0.28%
01/24/2023,1.0872,1.0898,1.0834,1.0885,0.16%
01/23/2023,1.0860,1.0927,1.0846,1.0868,0.12%
01/20/2023,1.0833,1.0860,1.0802,1.0855,0.26%
01/19/2023,1.0790,1.0841,1.0782,1.0827,0.32%
01/18/2023,1.0790,1.0889,1.0766,1.0792,0.04%
01/17/2023,1.0822,1.0870,1.0775,1.0788,-0.26%
01/16/2023,1.0834,1.0875,1.0801,1.0816,-0.11%
01/13/2023,1.0854,1.0869,1.0780,1.0828,-0.17%
01/12/2023,1.0757,1.0868,1.0730,1.0846,0.85%
01/11/2023,1.0736,1.0777,1.0725,1.0755,0.20%
01/10/2023,1.0725,1.0760,1.0711,1.0734,0.06%
01/09/2023,1.0637,1.0761,1.0636,1.0728,0.79%
01/06/2023,1.0522,1.0648,1.0483,1.0644,1.18%
01/05/2023,1.0604,1.0632,1.0515,1.0520,-0.75%
01/04/2023,1.0552,1.0636,1.0540,1.0599,0.50%
01/03/2023,1.0663,1.0684,1.0519,1.0546,-1.09%
01/02/2023,1.0702,1.0708,1.0650,1.0662,-0.37%
12/30/2022,1.0663,1.0714,1.0639,1.0702,0.38%
12/29/2022,1.0609,1.0691,1.0609,1.0661,0.50%
12/28/2022,1.0642,1.0675,1.0606,1.0608,-0.28%
12/27/2022,1.0638,1.0670,1.0611,1.0638,0.03%
12/26/2022,1.0611,1.0638,1.0604,1.0635,0.20%
12/23/2022,1.0595,1.0633,1.0586,1.0614,0.20%
12/22/2022,1.0607,1.0660,1.0573,1.0593,-0.09%
12/21/2022,1.0625,1.0647,1.0589,1.0603,-0.17%
12/20/2022,1.0606,1.0660,1.0579,1.0621,0.15%
12/19/2022,1.0591,1.0659,1.0575,1.0605,0.22%
12/16/2022,1.0626,1.0663,1.0584,1.0582,-0.41%
12/15/2022,1.0683,1.0737,1.0592,1.0626,-0.52%
12/14/2022,1.0633,1.0696,1.0618,1.0682,0.49%
12/13/2022,1.0534,1.0674,1.0527,1.0630,0.90%
12/12/2022,1.0528,1.0581,1.0506,1.0535,0.05%
12/09/2022,1.0559,1.0589,1.0507,1.0530,-0.25%
12/08/2022,1.0508,1.0566,1.0489,1.0556,0.49%
12/07/2022,1.0469,1.0551,1.0443,1.0505,0.34%
12/06/2022,1.0489,1.0533,1.0459,1.0469,-0.21%
12/05/2022,1.0517,1.0596,1.0480,1.0491,-0.45%
12/02/2022,1.0524,1.0546,1.0428,1.0538,0.15%
12/01/2022,1.0407,1.0534,1.0393,1.0522,1.12%
11/30/2022,1.0329,1.0430,1.0289,1.0405,0.76%
11/29/2022,1.0340,1.0395,1.0319,1.0327,-0.10%
11/28/2022,1.0382,1.0497,1.0330,1.0337,-0.56%
11/25/2022,1.0409,1.0430,1.0354,1.0395,-0.12%
11/24/2022,1.0398,1.0450,1.0381,1.0408,0.13%
11/23/2022,1.0304,1.0405,1.0296,1.0395,0.90%
11/22/2022,1.0243,1.0309,1.0239,1.0302,0.60%
11/21/2022,1.0318,1.0334,1.0223,1.0241,-0.80%
11/18/2022,1.0362,1.0396,1.0313,1.0324,-0.35%
11/17/2022,1.0395,1.0408,1.0304,1.0360,-0.31%
11/16/2022,1.0349,1.0439,1.0330,1.0392,0.43%
11/15/2022,1.0325,1.0481,1.0280,1.0348,0.22%
11/14/2022,1.0366,1.0368,1.0271,1.0325,-0.26%
11/11/2022,1.0209,1.0365,1.0163,1.0352,1.41%
11/10/2022,1.0008,1.0223,0.9935,1.0208,1.97%
11/09/2022,1.0074,1.0089,0.9992,1.0011,-0.61%
11/08/2022,1.0022,1.0097,0.9972,1.0072,0.53%
11/07/2022,0.9911,1.0035,0.9899,1.0019,0.59%
11/04/2022,0.9750,0.9967,0.9742,0.9960,2.14%
11/03/2022,0.9819,0.9840,0.9729,0.9751,-0.67%
11/02/2022,0.9875,0.9977,0.9812,0.9817,-0.58%
11/01/2022,0.9882,0.9955,0.9852,0.9874,-0.09%
10/31/2022,0.9947,0.9966,0.9872,0.9883,-0.80%
10/28/2022,0.9965,0.9998,0.9926,0.9963,0.01%
10/27/2022,1.0079,1.0094,0.9957,0.9962,-1.14%
10/26/2022,0.9966,1.0089,0.9943,1.0077,1.13%
10/25/2022,0.9874,0.9977,0.9848,0.9964,0.91%
10/24/2022,0.9867,0.9900,0.9807,0.9874,0.14%
10/21/2022,0.9786,0.9869,0.9704,0.9860,0.79%
10/20/2022,0.9773,0.9846,0.9754,0.9783,0.12%
10/19/2022,0.9858,0.9873,0.9757,0.9771,-0.82%
10/18/2022,0.9838,0.9876,0.9812,0.9852,0.14%
10/17/2022,0.9726,0.9853,0.9719,0.9838,1.22%
10/14/2022,0.9778,0.9809,0.9707,0.9719,-0.55%
10/13/2022,0.9702,0.9807,0.9632,0.9773,0.71%
10/12/2022,0.9708,0.9735,0.9668,0.9704,0.01%
10/11/2022,0.9700,0.9776,0.9672,0.9703,0.03%
10/10/2022,0.9736,0.9754,0.9682,0.9700,-0.42%
10/07/2022,0.9790,0.9818,0.9725,0.9741,-0.48%
10/06/2022,0.9879,0.9927,0.9787,0.9788,-0.95%
10/05/2022,0.9986,0.9995,0.9834,0.9882,-1.01%
10/04/2022,0.9826,1.0000,0.9805,0.9983,1.62%
10/03/2022,0.9800,0.9845,0.9753,0.9824,0.26%
09/30/2022,0.9816,0.9855,0.9735,0.9799,-0.15%
09/29/2022,0.9735,0.9816,0.9635,0.9814,0.82%
09/28/2022,0.9594,0.9751,0.9535,0.9734,1.48%
09/27/2022,0.9610,0.9671,0.9568,0.9592,-0.15%
09/26/2022,0.9679,0.9711,0.9567,0.9606,-0.87%
09/23/2022,0.9837,0.9852,0.9668,0.9690,-1.48%
09/22/2022,0.9837,0.9908,0.9808,0.9836,-0.01%
09/21/2022,0.9972,0.9978,0.9813,0.9837,-1.33%
09/20/2022,1.0023,1.0051,0.9955,0.9970,-0.52%
09/19/2022,1.0012,1.0030,0.9966,1.0022,0.07%
09/16/2022,1.0001,1.0037,0.9944,1.0015,0.16%
09/15/2022,0.9980,1.0019,0.9955,0.9999,0.22%
09/14/2022,0.9969,1.0024,0.9955,0.9977,0.07%
09/13/2022,1.0123,1.0188,0.9966,0.9970,-1.47%
09/12/2022,1.0080,1.0199,1.0059,1.0119,0.80%
09/09/2022,0.9995,1.0114,0.9995,1.0039,0.45%
09/08/2022,1.0002,1.0030,0.9930,0.9994,-0.05%
09/07/2022,0.9904,1.0012,0.9875,0.9999,0.98%
09/06/2022,0.9927,0.9987,0.9863,0.9902,-0.24%
09/05/2022,0.9950,0.9950,0.9877,0.9926,-0.25%
09/02/2022,0.9945,1.0035,0.9942,0.9951,0.07%
09/01/2022,1.0055,1.0057,0.9911,0.9944,-1.12%
08/31/2022,1.0014,1.0079,0.9971,1.0057,0.45%
08/30/2022,0.9996,1.0056,0.9981,1.0012,0.17%
08/29/2022,0.9977,1.0029,0.9913,0.9995,0.34%
08/26/2022,0.9974,1.0091,0.9947,0.9961,-0.13%
08/25/2022,0.9967,1.0035,0.9948,0.9974,0.09%
08/24/2022,0.9970,1.0000,0.9909,0.9965,-0.02%
08/23/2022,0.9944,1.0019,0.9900,0.9967,0.26%
08/22/2022,1.0041,1.0048,0.9926,0.9941,-0.93%
08/19/2022,1.0089,1.0096,1.0031,1.0034,-0.54%
08/18/2022,1.0180,1.0194,1.0079,1.0088,-0.90%
08/17/2022,1.0170,1.0203,1.0145,1.0180,0.10%
08/16/2022,1.0162,1.0195,1.0122,1.0170,0.10%
08/15/2022,1.0263,1.0270,1.0155,1.0160,-0.96%
08/12/2022,1.0316,1.0329,1.0237,1.0258,-0.57%
08/11/2022,1.0299,1.0366,1.0275,1.0317,0.19%
08/10/2022,1.0214,1.0369,1.0201,1.0297,0.84%
08/09/2022,1.0198,1.0248,1.0188,1.0211,0.16%
08/08/2022,1.0179,1.0223,1.0158,1.0195,0.14%
08/05/2022,1.0247,1.0253,1.0141,1.0181,-0.61%
08/04/2022,1.0162,1.0254,1.0154,1.0243,0.78%
08/03/2022,1.0166,1.0210,1.0122,1.0164,0.00%
08/02/2022,1.0261,1.0295,1.0163,1.0164,-0.95%
08/01/2022,1.0218,1.0276,1.0205,1.0261,0.42%
07/29/2022,1.0196,1.0255,1.0145,1.0218,0.22%
07/28/2022,1.0198,1.0236,1.0114,1.0196,-0.06%
07/27/2022,1.0116,1.0222,1.0096,1.0202,0.87%
07/26/2022,1.0220,1.0251,1.0107,1.0114,-1.04%
07/25/2022,1.0212,1.0259,1.0179,1.0220,0.10%
07/22/2022,1.0230,1.0256,1.0129,1.0210,-0.18%
07/21/2022,1.0178,1.0279,1.0153,1.0228,0.50%
07/20/2022,1.0228,1.0274,1.0155,1.0177,-0.46%
07/19/2022,1.0143,1.0270,1.0120,1.0224,0.82%
07/18/2022,1.0085,1.0202,1.0078,1.0141,0.54%
07/15/2022,1.0018,1.0099,1.0007,1.0087,0.71%
07/14/2022,1.0061,1.0065,0.9952,1.0016,-0.44%
07/13/2022,1.0040,1.0123,0.9998,1.0060,0.24%
07/12/2022,1.0040,1.0074,0.9999,1.0036,-0.03%
07/11/2022,1.0173,1.0185,1.0034,1.0039,-1.41%
07/08/2022,1.0159,1.0193,1.0072,1.0183,0.24%
07/07/2022,1.0181,1.0222,1.0144,1.0159,-0.22%
07/06/2022,1.0268,1.0277,1.0161,1.0181,-0.83%
07/05/2022,1.0419,1.0450,1.0235,1.0266,-1.49%
07/04/2022,1.0424,1.0464,1.0417,1.0421,-0.07%
07/01/2022,1.0481,1.0487,1.0366,1.0428,-0.52%
06/30/2022,1.0441,1.0489,1.0382,1.0482,0.41%
06/29/2022,1.0518,1.0537,1.0434,1.0439,-0.75%
06/28/2022,1.0585,1.0607,1.0503,1.0518,-0.61%
06/27/2022,1.0555,1.0616,1.0549,1.0583,0.27%
06/24/2022,1.0526,1.0572,1.0511,1.0554,0.29%
06/23/2022,1.0567,1.0582,1.0482,1.0523,-0.40%
06/22/2022,1.0527,1.0606,1.0468,1.0565,0.38%
06/21/2022,1.0510,1.0583,1.0508,1.0525,0.15%
06/20/2022,1.0472,1.0546,1.0472,1.0509,0.10%
06/17/2022,1.0548,1.0560,1.0445,1.0498,-0.46%
06/16/2022,1.0442,1.0602,1.0381,1.0547,1.00%
06/15/2022,1.0417,1.0509,1.0359,1.0443,0.28%
06/14/2022,1.0411,1.0486,1.0396,1.0414,0.06%
06/13/2022,1.0513,1.0520,1.0400,1.0408,-1.02%
06/10/2022,1.0617,1.0644,1.0505,1.0515,-0.93%
06/09/2022,1.0717,1.0775,1.0611,1.0614,-0.93%
06/08/2022,1.0700,1.0749,1.0671,1.0714,0.14%
06/07/2022,1.0695,1.0715,1.0652,1.0699,0.05%
06/06/2022,1.0722,1.0753,1.0683,1.0694,-0.22%
06/03/2022,1.0747,1.0765,1.0704,1.0718,-0.25%
06/02/2022,1.0649,1.0751,1.0645,1.0745,0.93%
06/01/2022,1.0734,1.0739,1.0626,1.0646,-0.81%
05/31/2022,1.0778,1.0780,1.0678,1.0733,-0.41%
05/30/2022,1.0737,1.0788,1.0726,1.0777,0.47%
05/27/2022,1.0726,1.0766,1.0697,1.0727,0.03%
05/26/2022,1.0684,1.0733,1.0662,1.0724,0.41%
05/25/2022,1.0735,1.0740,1.0642,1.0680,-0.50%
05/24/2022,1.0690,1.0749,1.0661,1.0734,0.42%
05/23/2022,1.0572,1.0698,1.0558,1.0689,1.22%
05/20/2022,1.0586,1.0599,1.0532,1.0560,-0.25%
05/19/2022,1.0470,1.0608,1.0460,1.0586,1.15%
05/18/2022,1.0549,1.0565,1.0460,1.0466,-0.77%
05/17/2022,1.0434,1.0556,1.0429,1.0547,1.11%
05/16/2022,1.0405,1.0444,1.0388,1.0431,0.19%
05/13/2022,1.0379,1.0421,1.0350,1.0411,0.31%
05/12/2022,1.0512,1.0530,1.0353,1.0379,-1.26%
05/11/2022,1.0529,1.0577,1.0502,1.0511,-0.15%
05/10/2022,1.0557,1.0586,1.0525,1.0527,-0.27%
05/09/2022,1.0552,1.0594,1.0495,1.0555,0.04%
05/06/2022,1.0544,1.0601,1.0482,1.0551,0.10%
05/05/2022,1.0623,1.0642,1.0493,1.0540,-0.76%
05/04/2022,1.0516,1.0632,1.0505,1.0621,0.96%
05/03/2022,1.0502,1.0579,1.0491,1.0520,0.15%
05/02/2022,1.0550,1.0569,1.0490,1.0504,-0.35%
04/29/2022,1.0498,1.0593,1.0491,1.0541,0.45%
04/28/2022,1.0557,1.0566,1.0471,1.0494,-0.58%
04/27/2022,1.0638,1.0655,1.0513,1.0555,-0.76%
04/26/2022,1.0713,1.0740,1.0635,1.0636,-0.70%
04/25/2022,1.0841,1.0842,1.0697,1.0711,-0.77%
04/22/2022,1.0838,1.0853,1.0770,1.0794,-0.39%
04/21/2022,1.0853,1.0937,1.0824,1.0836,-0.13%
04/20/2022,1.0788,1.0868,1.0783,1.0850,0.59%
04/19/2022,1.0783,1.0815,1.0761,1.0786,0.06%
04/18/2022,1.0805,1.0822,1.0769,1.0780,-0.24%
04/15/2022,1.0828,1.0832,1.0796,1.0806,-0.19%
04/14/2022,1.0887,1.0925,1.0757,1.0827,-0.53%
04/13/2022,1.0830,1.0896,1.0809,1.0885,0.54%
04/12/2022,1.0882,1.0905,1.0821,1.0826,-0.52%
04/11/2022,1.0935,1.0951,1.0872,1.0883,0.06%
04/08/2022,1.0879,1.0892,1.0836,1.0876,-0.02%
04/07/2022,1.0893,1.0939,1.0864,1.0878,-0.14%
04/06/2022,1.0906,1.0939,1.0874,1.0893,-0.09%
04/05/2022,1.0973,1.0990,1.0899,1.0903,-0.61%
04/04/2022,1.1039,1.1056,1.0960,1.0970,-0.75%
04/01/2022,1.1065,1.1077,1.1027,1.1053,-0.11%
03/31/2022,1.1158,1.1185,1.1061,1.1065,-0.82%
03/30/2022,1.1087,1.1171,1.1083,1.1156,0.64%
03/29/2022,1.0980,1.1137,1.0970,1.1085,0.97%
03/28/2022,1.0989,1.1000,1.0944,1.0978,-0.03%
03/25/2022,1.0994,1.1039,1.0979,1.0981,-0.14%
03/24/2022,1.1004,1.1014,1.0965,1.0996,-0.07%
03/23/2022,1.1027,1.1044,1.0963,1.1004,-0.21%
03/22/2022,1.1018,1.1047,1.0960,1.1027,0.12%
03/21/2022,1.1059,1.1070,1.1010,1.1014,-0.37%
03/18/2022,1.1091,1.1120,1.1003,1.1055,-0.31%
03/17/2022,1.1036,1.1138,1.1008,1.1089,0.52%
03/16/2022,1.0956,1.1048,1.0948,1.1032,0.74%
03/15/2022,1.0940,1.1020,1.0926,1.0951,0.11%
03/14/2022,1.0943,1.0994,1.0900,1.0939,0.28%
03/11/2022,1.0984,1.1044,1.0901,1.0909,-0.67%
03/10/2022,1.1075,1.1121,1.0976,1.0983,-0.83%
03/09/2022,1.0903,1.1096,1.0890,1.1075,1.61%
03/08/2022,1.0855,1.0960,1.0848,1.0899,0.43%
03/07/2022,1.0953,1.0953,1.0805,1.0852,-0.68%
03/04/2022,1.1068,1.1069,1.0886,1.0926,-1.25%
03/03/2022,1.1118,1.1125,1.1033,1.1064,-0.51%
03/02/2022,1.1127,1.1147,1.1057,1.1121,-0.04%
03/01/2022,1.1218,1.1234,1.1090,1.1126,-0.83%
02/28/2022,1.1179,1.1247,1.1122,1.1219,-0.43%
02/25/2022,1.1192,1.1275,1.1165,1.1267,0.68%
02/24/2022,1.1313,1.1314,1.1106,1.1191,-1.04%
02/23/2022,1.1327,1.1359,1.1300,1.1309,-0.14%
02/22/2022,1.1312,1.1367,1.1287,1.1325,0.13%
02/21/2022,1.1315,1.1391,1.1306,1.1310,-0.10%
02/18/2022,1.1362,1.1378,1.1314,1.1321,-0.34%
02/17/2022,1.1374,1.1386,1.1322,1.1360,-0.11%
02/16/2022,1.1360,1.1396,1.1344,1.1373,0.15%
02/15/2022,1.1307,1.1369,1.1301,1.1356,0.45%
02/14/2022,1.1344,1.1370,1.1279,1.1305,-0.39%
02/11/2022,1.1428,1.1431,1.1329,1.1349,-0.68%
02/10/2022,1.1429,1.1496,1.1374,1.1427,0.04%
02/09/2022,1.1416,1.1449,1.1402,1.1422,0.07%
02/08/2022,1.1443,1.1450,1.1395,1.1414,-0.24%
02/07/2022,1.1468,1.1469,1.1415,1.1442,-0.03%
02/04/2022,1.1439,1.1485,1.1411,1.1446,0.07%
02/03/2022,1.1306,1.1452,1.1267,1.1438,1.19%
02/02/2022,1.1270,1.1331,1.1266,1.1303,0.30%
02/01/2022,1.1234,1.1279,1.1221,1.1269,0.32%
01/31/2022,1.1147,1.1249,1.1138,1.1233,0.81%
01/28/2022,1.1146,1.1174,1.1121,1.1143,0.00%
01/27/2022,1.1240,1.1244,1.1132,1.1143,-0.84%
01/26/2022,1.1301,1.1312,1.1235,1.1237,-0.55%
01/25/2022,1.1324,1.1330,1.1263,1.1299,-0.21%
01/24/2022,1.1343,1.1346,1.1290,1.1323,-0.15%
01/21/2022,1.1312,1.1360,1.1300,1.1340,0.27%
01/20/2022,1.1342,1.1370,1.1302,1.1310,-0.27%
01/19/2022,1.1321,1.1358,1.1318,1.1341,0.14%
01/18/2022,1.1408,1.1422,1.1314,1.1325,-0.72%
01/17/2022,1.1414,1.1436,1.1392,1.1407,-0.06%
01/14/2022,1.1454,1.1484,1.1398,1.1414,-0.34%
01/13/2022,1.1443,1.1482,1.1435,1.1453,0.10%
01/12/2022,1.1366,1.1453,1.1354,1.1442,0.69%
01/11/2022,1.1325,1.1375,1.1313,1.1364,0.35%
01/10/2022,1.1353,1.1362,1.1285,1.1324,-0.31%
01/07/2022,1.1293,1.1365,1.1289,1.1359,0.60%
01/06/2022,1.1314,1.1332,1.1285,1.1291,-0.19%
01/05/2022,1.1287,1.1347,1.1277,1.1313,0.25%
01/04/2022,1.1298,1.1323,1.1272,1.1285,-0.08%
01/03/2022,1.1365,1.1381,1.1279,1.1294,-0.65%
12/31/2021,1.1324,1.1387,1.1302,1.1368,0.40%
12/30/2021,1.1349,1.1360,1.1298,1.1323,-0.22%
12/29/2021,1.1310,1.1370,1.1273,1.1348,0.34%
12/28/2021,1.1329,1.1335,1.1289,1.1309,-0.14%
12/27/2021,1.1318,1.1335,1.1302,1.1325,0.07%
12/24/2021,1.1330,1.1344,1.1303,1.1317,-0.10%
12/23/2021,1.1325,1.1343,1.1289,1.1328,0.04%
12/22/2021,1.1279,1.1343,1.1264,1.1324,0.36%
12/21/2021,1.1277,1.1303,1.1260,1.1283,0.07%
12/20/2021,1.1242,1.1305,1.1234,1.1275,0.32%
12/17/2021,1.1330,1.1350,1.1235,1.1239,-0.79%
12/16/2021,1.1286,1.1361,1.1280,1.1328,0.38%
12/15/2021,1.1259,1.1300,1.1221,1.1285,0.25%
12/14/2021,1.1285,1.1327,1.1253,1.1257,-0.23%
12/13/2021,1.1316,1.1321,1.1259,1.1283,-0.25%
12/10/2021,1.1293,1.1325,1.1264,1.1311,0.17%
12/09/2021,1.1342,1.1348,1.1278,1.1292,-0.44%
12/08/2021,1.1267,1.1356,1.1264,1.1342,0.70%
12/07/2021,1.1287,1.1301,1.1228,1.1263,-0.19%
12/06/2021,1.1321,1.1321,1.1266,1.1285,-0.25%
12/03/2021,1.1301,1.1334,1.1265,1.1313,0.12%
12/02/2021,1.1320,1.1349,1.1294,1.1299,-0.18%
12/01/2021,1.1339,1.1360,1.1302,1.1319,-0.15%
11/30/2021,1.1291,1.1384,1.1236,1.1336,0.40%
11/29/2021,1.1309,1.1316,1.1258,1.1291,-0.23%
11/26/2021,1.1209,1.1331,1.1205,1.1317,0.99%
11/25/2021,1.1198,1.1231,1.1198,1.1206,0.08%
11/24/2021,1.1248,1.1256,1.1185,1.1197,-0.44%
11/23/2021,1.1237,1.1276,1.1226,1.1246,0.11%
11/22/2021,1.1292,1.1293,1.1230,1.1234,-0.48%
11/19/2021,1.1371,1.1374,1.1250,1.1288,-0.71%
11/18/2021,1.1319,1.1375,1.1314,1.1369,0.44%
11/17/2021,1.1321,1.1333,1.1264,1.1319,0.00%
11/16/2021,1.1368,1.1386,1.1309,1.1319,-0.42%
11/15/2021,1.1452,1.1465,1.1356,1.1367,-0.72%
11/12/2021,1.1454,1.1463,1.1432,1.1450,0.00%
11/11/2021,1.1482,1.1488,1.1443,1.1450,-0.24%
11/10/2021,1.1593,1.1596,1.1475,1.1478,-0.97%
11/09/2021,1.1588,1.1609,1.1569,1.1591,0.04%
11/08/2021,1.1555,1.1595,1.1550,1.1586,0.17%
11/05/2021,1.1553,1.1574,1.1513,1.1566,0.12%
11/04/2021,1.1611,1.1617,1.1528,1.1552,-0.50%
11/03/2021,1.1579,1.1617,1.1561,1.1610,0.29%
11/02/2021,1.1605,1.1615,1.1574,1.1577,-0.25%
11/01/2021,1.1559,1.1610,1.1545,1.1606,0.39%
10/29/2021,1.1680,1.1690,1.1535,1.1561,-1.01%
10/28/2021,1.1605,1.1693,1.1581,1.1679,0.65%
10/27/2021,1.1597,1.1626,1.1585,1.1604,0.08%
10/26/2021,1.1607,1.1626,1.1585,1.1595,-0.09%
10/25/2021,1.1644,1.1666,1.1590,1.1606,-0.35%
10/22/2021,1.1623,1.1656,1.1621,1.1647,0.22%
10/21/2021,1.1650,1.1668,1.1619,1.1621,-0.24%
10/20/2021,1.1634,1.1659,1.1616,1.1649,0.15%
10/19/2021,1.1611,1.1670,1.1608,1.1632,0.20%
10/18/2021,1.1597,1.1624,1.1571,1.1609,0.08%
10/15/2021,1.1599,1.1621,1.1588,1.1600,0.05%
10/14/2021,1.1593,1.1625,1.1583,1.1594,0.02%
10/13/2021,1.1528,1.1598,1.1527,1.1592,0.56%
10/12/2021,1.1555,1.1571,1.1524,1.1527,-0.21%
10/11/2021,1.1571,1.1588,1.1549,1.1551,-0.14%
10/08/2021,1.1551,1.1586,1.1540,1.1567,0.15%
10/07/2021,1.1556,1.1573,1.1547,1.1550,-0.05%
10/06/2021,1.1603,1.1605,1.1529,1.1556,-0.34%
10/05/2021,1.1623,1.1623,1.1580,1.1596,-0.22%
10/04/2021,1.1593,1.1641,1.1587,1.1621,0.23%
10/01/2021,1.1582,1.1608,1.1563,1.1594,0.11%
09/30/2021,1.1596,1.1611,1.1562,1.1581,-0.12%
09/29/2021,1.1683,1.1691,1.1589,1.1595,-0.74%
09/28/2021,1.1696,1.1704,1.1667,1.1681,-0.11%
09/27/2021,1.1724,1.1728,1.1684,1.1694,-0.17%
09/24/2021,1.1738,1.1748,1.1700,1.1714,-0.19%
09/23/2021,1.1686,1.1751,1.1683,1.1736,0.43%
09/22/2021,1.1726,1.1757,1.1683,1.1686,-0.32%
09/21/2021,1.1726,1.1751,1.1715,1.1723,-0.02%
09/20/2021,1.1732,1.1737,1.1700,1.1725,0.00%
09/17/2021,1.1762,1.1789,1.1724,1.1725,-0.33%
09/16/2021,1.1816,1.1822,1.1751,1.1764,-0.43%
09/15/2021,1.1806,1.1833,1.1798,1.1815,0.11%
09/14/2021,1.1812,1.1846,1.1799,1.1802,-0.05%
09/13/2021,1.1813,1.1818,1.1769,1.1808,-0.05%
09/10/2021,1.1826,1.1852,1.1809,1.1814,-0.09%
09/09/2021,1.1817,1.1842,1.1804,1.1825,0.10%
09/08/2021,1.1840,1.1852,1.1802,1.1813,-0.22%
09/07/2021,1.1870,1.1885,1.1837,1.1839,-0.24%
09/06/2021,1.1879,1.1888,1.1855,1.1868,-0.12%
09/03/2021,1.1875,1.1910,1.1866,1.1882,0.08%
09/02/2021,1.1839,1.1877,1.1834,1.1873,0.30%
09/01/2021,1.1810,1.1858,1.1793,1.1837,0.25%
08/31/2021,1.1797,1.1848,1.1795,1.1807,0.10%
08/30/2021,1.1793,1.1810,1.1782,1.1795,0.02%
08/27/2021,1.1752,1.1803,1.1734,1.1793,0.37%
08/26/2021,1.1772,1.1781,1.1746,1.1750,-0.17%
08/25/2021,1.1754,1.1775,1.1725,1.1770,0.14%
08/24/2021,1.1746,1.1766,1.1726,1.1753,0.09%
08/23/2021,1.1694,1.1751,1.1691,1.1743,0.40%
08/20/2021,1.1675,1.1705,1.1664,1.1696,0.19%
08/19/2021,1.1711,1.1717,1.1666,1.1674,-0.31%
08/18/2021,1.1710,1.1743,1.1694,1.1710,0.02%
08/17/2021,1.1776,1.1786,1.1708,1.1708,-0.59%
08/16/2021,1.1794,1.1802,1.1767,1.1777,-0.12%
08/13/2021,1.1730,1.1805,1.1727,1.1791,0.55%
08/12/2021,1.1738,1.1749,1.1724,1.1727,-0.09%
08/11/2021,1.1720,1.1753,1.1705,1.1737,0.16%
08/10/2021,1.1738,1.1744,1.1710,1.1718,-0.16%
08/09/2021,1.1762,1.1769,1.1734,1.1737,-0.20%
08/06/2021,1.1834,1.1837,1.1753,1.1760,-0.61%
08/05/2021,1.1837,1.1858,1.1827,1.1832,-0.03%
08/04/2021,1.1864,1.1901,1.1832,1.1835,-0.21%
08/03/2021,1.1868,1.1894,1.1853,1.1860,-0.06%
08/02/2021,1.1864,1.1897,1.1858,1.1867,-0.03%
07/30/2021,1.1888,1.1910,1.1851,1.1870,-0.13%
07/29/2021,1.1845,1.1894,1.1840,1.1886,0.37%
07/28/2021,1.1817,1.1851,1.1773,1.1842,0.24%
07/27/2021,1.1804,1.1841,1.1769,1.1814,0.13%
07/26/2021,1.1778,1.1818,1.1763,1.1799,0.24%
07/23/2021,1.1769,1.1788,1.1753,1.1771,0.01%
07/22/2021,1.1793,1.1831,1.1757,1.1770,-0.19%
07/21/2021,1.1782,1.1805,1.1752,1.1792,0.11%
07/20/2021,1.1801,1.1805,1.1755,1.1779,-0.16%
07/19/2021,1.1808,1.1825,1.1763,1.1798,-0.06%
07/16/2021,1.1814,1.1823,1.1791,1.1805,-0.06%
07/15/2021,1.1837,1.1852,1.1796,1.1812,-0.19%
07/14/2021,1.1776,1.1839,1.1772,1.1835,0.52%
07/13/2021,1.1862,1.1876,1.1772,1.1774,-0.72%
07/12/2021,1.1872,1.1881,1.1836,1.1859,-0.12%
07/09/2021,1.1844,1.1882,1.1825,1.1873,0.26%
07/08/2021,1.1792,1.1868,1.1783,1.1842,0.45%
07/07/2021,1.1823,1.1839,1.1782,1.1789,-0.28%
07/06/2021,1.1863,1.1896,1.1806,1.1822,-0.33%
07/05/2021,1.1862,1.1882,1.1851,1.1861,-0.03%
07/02/2021,1.1849,1.1875,1.1806,1.1864,0.14%
07/01/2021,1.1859,1.1885,1.1837,1.1848,-0.06%
06/30/2021,1.1897,1.1910,1.1845,1.1855,-0.34%
06/29/2021,1.1926,1.1932,1.1877,1.1895,-0.24%
06/28/2021,1.1935,1.1946,1.1902,1.1924,-0.08%
06/25/2021,1.1932,1.1976,1.1925,1.1933,0.03%
06/24/2021,1.1927,1.1957,1.1918,1.1930,0.04%
06/23/2021,1.1939,1.1970,1.1911,1.1925,-0.11%
06/22/2021,1.1918,1.1954,1.1881,1.1938,0.19%
06/21/2021,1.1868,1.1922,1.1847,1.1915,0.46%
06/18/2021,1.1908,1.1926,1.1846,1.1860,-0.39%
06/17/2021,1.1996,1.2007,1.1891,1.1906,-0.73%
06/16/2021,1.2127,1.2135,1.1993,1.1994,-1.07%
06/15/2021,1.2120,1.2149,1.2100,1.2124,0.05%
06/14/2021,1.2110,1.2131,1.2093,1.2118,0.10%
06/11/2021,1.2170,1.2196,1.2092,1.2106,-0.52%
06/10/2021,1.2181,1.2195,1.2142,1.2169,-0.07%
06/09/2021,1.2173,1.2219,1.2170,1.2178,0.06%
06/08/2021,1.2190,1.2196,1.2163,1.2171,-0.15%
06/07/2021,1.2168,1.2203,1.2145,1.2189,0.20%
06/04/2021,1.2129,1.2186,1.2104,1.2165,0.34%
06/03/2021,1.2210,1.2217,1.2118,1.2124,-0.70%
06/02/2021,1.2214,1.2227,1.2163,1.2209,-0.02%
06/01/2021,1.2227,1.2255,1.2211,1.2211,-0.11%
05/31/2021,1.2192,1.2233,1.2183,1.2225,0.30%
05/28/2021,1.2195,1.2205,1.2132,1.2189,-0.02%
05/27/2021,1.2192,1.2216,1.2175,1.2192,0.02%
05/26/2021,1.2251,1.2263,1.2182,1.2190,-0.49%
05/25/2021,1.2217,1.2267,1.2211,1.2250,0.29%
05/24/2021,1.2178,1.2230,1.2172,1.2215,0.30%
05/21/2021,1.2228,1.2241,1.2161,1.2179,-0.38%
05/20/2021,1.2171,1.2230,1.2169,1.2226,0.44%
05/19/2021,1.2222,1.2246,1.2160,1.2172,-0.39%
05/18/2021,1.2153,1.2234,1.2151,1.2220,0.57%
05/17/2021,1.2140,1.2170,1.2126,1.2151,0.09%
05/14/2021,1.2080,1.2150,1.2070,1.2140,0.51%
05/13/2021,1.2073,1.2108,1.2050,1.2078,0.07%
05/12/2021,1.2148,1.2153,1.2065,1.2069,-0.63%
05/11/2021,1.2129,1.2182,1.2122,1.2146,0.14%
05/10/2021,1.2161,1.2178,1.2127,1.2129,-0.28%
05/07/2021,1.2066,1.2172,1.2053,1.2163,0.82%
05/06/2021,1.2005,1.2072,1.1992,1.2064,0.49%
05/05/2021,1.2013,1.2027,1.1985,1.2005,-0.07%
05/04/2021,1.2064,1.2066,1.1998,1.2013,-0.40%
05/03/2021,1.2031,1.2076,1.2012,1.2061,0.36%
04/30/2021,1.2116,1.2127,1.2016,1.2018,-0.83%
04/29/2021,1.2126,1.2150,1.2102,1.2118,-0.04%
04/28/2021,1.2091,1.2135,1.2055,1.2123,0.27%
04/27/2021,1.2086,1.2093,1.2056,1.2090,0.06%
04/26/2021,1.2093,1.2118,1.2061,1.2083,-0.13%
04/23/2021,1.2015,1.2100,1.2012,1.2099,0.70%
04/22/2021,1.2035,1.2070,1.1993,1.2015,-0.15%
04/21/2021,1.2037,1.2045,1.1998,1.2033,0.00%
04/20/2021,1.2036,1.2081,1.2022,1.2033,0.00%
04/19/2021,1.1984,1.2049,1.1942,1.2033,0.42%
04/16/2021,1.1967,1.1996,1.1950,1.1983,0.15%
04/15/2021,1.1980,1.1995,1.1955,1.1965,-0.11%
04/14/2021,1.1948,1.1988,1.1947,1.1978,0.27%
04/13/2021,1.1911,1.1956,1.1878,1.1946,0.31%
04/12/2021,1.1891,1.1920,1.1870,1.1909,0.11%
04/09/2021,1.1913,1.1921,1.1867,1.1896,-0.13%
04/08/2021,1.1867,1.1928,1.1861,1.1912,0.35%
04/07/2021,1.1875,1.1916,1.1861,1.1870,-0.04%
04/06/2021,1.1814,1.1878,1.1795,1.1875,0.54%
04/05/2021,1.1761,1.1820,1.1738,1.1811,0.42%
04/02/2021,1.1777,1.1788,1.1748,1.1762,-0.11%
04/01/2021,1.1731,1.1781,1.1712,1.1775,0.40%
03/31/2021,1.1716,1.1760,1.1703,1.1728,0.12%
03/30/2021,1.1764,1.1774,1.1711,1.1714,-0.41%
03/29/2021,1.1795,1.1797,1.1760,1.1762,-0.29%
03/26/2021,1.1763,1.1805,1.1763,1.1796,0.27%
03/25/2021,1.1813,1.1829,1.1761,1.1764,-0.41%
03/24/2021,1.1851,1.1854,1.1809,1.1812,-0.31%
03/23/2021,1.1935,1.1941,1.1841,1.1849,-0.69%
03/22/2021,1.1899,1.1947,1.1871,1.1931,0.24%
03/19/2021,1.1915,1.1939,1.1874,1.1903,-0.10%
03/18/2021,1.1979,1.1990,1.1906,1.1915,-0.53%
03/17/2021,1.1906,1.1986,1.1885,1.1978,0.66%
03/16/2021,1.1929,1.1953,1.1882,1.1900,-0.23%
03/15/2021,1.1952,1.1968,1.1911,1.1928,-0.20%
03/12/2021,1.1983,1.1990,1.1910,1.1952,-0.27%
03/11/2021,1.1928,1.1990,1.1916,1.1984,0.49%
03/10/2021,1.1900,1.1931,1.1868,1.1925,0.23%
03/09/2021,1.1847,1.1917,1.1835,1.1898,0.46%
03/08/2021,1.1922,1.1933,1.1844,1.1843,-0.62%
03/05/2021,1.1968,1.1978,1.1894,1.1917,-0.41%
03/04/2021,1.2063,1.2068,1.1961,1.1966,-0.80%
03/03/2021,1.2091,1.2113,1.2042,1.2062,-0.22%
03/02/2021,1.2049,1.2095,1.1991,1.2089,0.35%
03/01/2021,1.2079,1.2102,1.2027,1.2047,-0.22%
02/26/2021,1.2176,1.2185,1.2062,1.2074,-0.84%
02/25/2021,1.2163,1.2243,1.2155,1.2176,0.10%
02/24/2021,1.2150,1.2176,1.2109,1.2164,0.12%
02/23/2021,1.2155,1.2181,1.2135,1.2149,-0.04%
02/22/2021,1.2117,1.2170,1.2091,1.2154,0.31%
02/19/2021,1.2091,1.2145,1.2082,1.2117,0.24%
02/18/2021,1.2037,1.2096,1.2035,1.2088,0.43%
02/17/2021,1.2107,1.2111,1.2023,1.2036,-0.56%
02/16/2021,1.2130,1.2170,1.2095,1.2104,-0.19%
02/15/2021,1.2123,1.2146,1.2116,1.2127,0.07%
02/12/2021,1.2130,1.2135,1.2081,1.2118,-0.08%
02/11/2021,1.2118,1.2150,1.2112,1.2128,0.10%
02/10/2021,1.2119,1.2145,1.2108,1.2116,-0.01%
02/09/2021,1.2048,1.2122,1.2045,1.2117,0.57%
02/08/2021,1.2042,1.2067,1.2019,1.2048,0.05%
02/05/2021,1.1964,1.2050,1.1952,1.2042,0.67%
02/04/2021,1.2033,1.2043,1.1957,1.1962,-0.60%
02/03/2021,1.2044,1.2050,1.2003,1.2034,-0.07%
02/02/2021,1.2059,1.2089,1.2011,1.2042,-0.14%
02/01/2021,1.2140,1.2146,1.2054,1.2059,-0.63%
01/29/2021,1.2121,1.2156,1.2093,1.2136,0.12%
01/28/2021,1.2109,1.2142,1.2079,1.2121,0.11%
01/27/2021,1.2160,1.2170,1.2057,1.2108,-0.43%
01/26/2021,1.2138,1.2177,1.2107,1.2160,0.19%
01/25/2021,1.2168,1.2184,1.2115,1.2137,-0.25%
01/22/2021,1.2164,1.2191,1.2151,1.2167,0.04%
01/21/2021,1.2106,1.2175,1.2103,1.2162,0.48%
01/20/2021,1.2127,1.2158,1.2076,1.2104,-0.20%
01/19/2021,1.2078,1.2146,1.2074,1.2128,0.43%
01/18/2021,1.2085,1.2091,1.2054,1.2076,-0.02%
01/15/2021,1.2155,1.2163,1.2074,1.2078,-0.64%
01/14/2021,1.2157,1.2179,1.2111,1.2156,-0.01%
01/13/2021,1.2208,1.2224,1.2140,1.2157,-0.41%
01/12/2021,1.2152,1.2211,1.2136,1.2207,0.48%
01/11/2021,1.2217,1.2227,1.2132,1.2149,-0.56%
01/08/2021,1.2273,1.2284,1.2191,1.2218,-0.42%
01/07/2021,1.2327,1.2346,1.2244,1.2270,-0.45%
01/06/2021,1.2296,1.2350,1.2265,1.2325,0.25%
01/05/2021,1.2247,1.2307,1.2246,1.2294,0.38%
01/04/2021,1.2231,1.2310,1.2223,1.2248,0.29%
01/01/2021,1.2216,1.2217,1.2210,1.2212,-0.01%
12/31/2020,1.2298,1.2310,1.2209,1.2213,-0.67%
12/30/2020,1.2248,1.2311,1.2246,1.2295,0.39%
12/29/2020,1.2217,1.2276,1.2207,1.2247,0.27%
12/28/2020,1.2202,1.2251,1.2181,1.2214,0.08%
12/25/2020,1.2186,1.2212,1.2165,1.2204,0.15%
12/24/2020,1.2188,1.2217,1.2177,1.2186,0.01%
12/23/2020,1.2163,1.2221,1.2154,1.2185,0.20%
12/22/2020,1.2244,1.2257,1.2151,1.2161,-0.66%
12/21/2020,1.2242,1.2254,1.2129,1.2242,-0.11%
12/18/2020,1.2268,1.2273,1.2225,1.2255,-0.09%
12/17/2020,1.2199,1.2274,1.2191,1.2266,0.57%
12/16/2020,1.2152,1.2213,1.2125,1.2197,0.38%
12/15/2020,1.2143,1.2170,1.2121,1.2151,0.07%
12/14/2020,1.2131,1.2177,1.2115,1.2143,0.26%
12/11/2020,1.2137,1.2163,1.2105,1.2111,-0.21%
12/10/2020,1.2083,1.2160,1.2075,1.2136,0.46%
12/09/2020,1.2103,1.2148,1.2059,1.2081,-0.17%
12/08/2020,1.2109,1.2134,1.2095,1.2101,-0.06%
12/07/2020,1.2128,1.2167,1.2078,1.2108,-0.10%
12/04/2020,1.2142,1.2178,1.2110,1.2120,-0.16%
12/03/2020,1.2115,1.2177,1.2100,1.2140,0.21%
12/02/2020,1.2070,1.2119,1.2040,1.2115,0.37%
12/01/2020,1.1928,1.2077,1.1926,1.2070,1.19%
11/30/2020,1.1957,1.2004,1.1924,1.1928,-0.28%
11/27/2020,1.1914,1.1965,1.1907,1.1962,0.41%
11/26/2020,1.1916,1.1941,1.1884,1.1913,0.00%
11/25/2020,1.1891,1.1931,1.1882,1.1913,0.21%
11/24/2020,1.1842,1.1897,1.1837,1.1888,0.41%
11/23/2020,1.1853,1.1906,1.1800,1.1840,-0.11%
11/20/2020,1.1875,1.1891,1.1849,1.1853,-0.17%
11/19/2020,1.1853,1.1883,1.1816,1.1873,0.18%
11/18/2020,1.1863,1.1892,1.1848,1.1852,-0.08%
11/17/2020,1.1852,1.1895,1.1842,1.1861,0.07%
11/16/2020,1.1829,1.1869,1.1813,1.1853,0.18%
11/13/2020,1.1805,1.1838,1.1798,1.1832,0.24%
11/12/2020,1.1777,1.1824,1.1758,1.1804,0.23%
11/11/2020,1.1810,1.1834,1.1745,1.1777,-0.31%
11/10/2020,1.1812,1.1844,1.1780,1.1814,0.01%
11/09/2020,1.1882,1.1920,1.1795,1.1813,-0.50%
11/06/2020,1.1826,1.1891,1.1795,1.1872,0.43%
11/05/2020,1.1725,1.1861,1.1710,1.1821,0.84%
11/04/2020,1.1715,1.1770,1.1603,1.1722,0.09%
11/03/2020,1.1640,1.1740,1.1633,1.1711,0.61%
11/02/2020,1.1658,1.1658,1.1622,1.1640,-0.06%
10/30/2020,1.1674,1.1705,1.1639,1.1647,-0.23%
10/29/2020,1.1746,1.1760,1.1650,1.1674,-0.60%
10/28/2020,1.1796,1.1798,1.1717,1.1744,-0.43%
10/27/2020,1.1810,1.1839,1.1793,1.1795,-0.11%
10/26/2020,1.1858,1.1861,1.1803,1.1808,-0.43%
10/23/2020,1.1819,1.1866,1.1787,1.1859,0.36%
10/22/2020,1.1862,1.1868,1.1811,1.1816,-0.38%
10/21/2020,1.1822,1.1882,1.1821,1.1861,0.34%
10/20/2020,1.1769,1.1841,1.1760,1.1821,0.47%
10/19/2020,1.1722,1.1795,1.1703,1.1766,0.41%
10/16/2020,1.1708,1.1746,1.1694,1.1718,0.10%
10/15/2020,1.1747,1.1760,1.1688,1.1706,-0.34%
10/14/2020,1.1746,1.1772,1.1719,1.1746,0.02%
10/13/2020,1.1813,1.1817,1.1731,1.1744,-0.58%
10/12/2020,1.1819,1.1827,1.1786,1.1813,-0.09%
10/09/2020,1.1759,1.1832,1.1753,1.1824,0.56%
10/08/2020,1.1762,1.1782,1.1732,1.1758,-0.02%
10/07/2020,1.1735,1.1783,1.1724,1.1760,0.22%
10/06/2020,1.1782,1.1809,1.1731,1.1734,-0.40%
10/05/2020,1.1716,1.1798,1.1707,1.1781,0.58%
10/02/2020,1.1748,1.1751,1.1695,1.1713,-0.29%
10/01/2020,1.1719,1.1770,1.1717,1.1747,0.25%
09/30/2020,1.1743,1.1756,1.1684,1.1718,-0.20%
09/29/2020,1.1666,1.1746,1.1660,1.1742,0.67%
09/28/2020,1.1638,1.1679,1.1615,1.1664,0.29%
09/25/2020,1.1671,1.1686,1.1612,1.1630,-0.36%
09/24/2020,1.1660,1.1688,1.1626,1.1672,0.11%
09/23/2020,1.1708,1.1719,1.1651,1.1659,-0.40%
09/22/2020,1.1770,1.1774,1.1691,1.1706,-0.54%
09/21/2020,1.1848,1.1873,1.1731,1.1769,-0.57%
09/18/2020,1.1848,1.1871,1.1826,1.1837,-0.08%
09/17/2020,1.1816,1.1854,1.1737,1.1847,0.28%
09/16/2020,1.1850,1.1883,1.1787,1.1814,-0.26%
09/15/2020,1.1865,1.1901,1.1839,1.1845,-0.19%
09/14/2020,1.1840,1.1889,1.1830,1.1868,0.19%
09/11/2020,1.1814,1.1875,1.1812,1.1845,0.27%
09/10/2020,1.1801,1.1918,1.1800,1.1813,0.09%
09/09/2020,1.1777,1.1834,1.1753,1.1802,0.20%
09/08/2020,1.1817,1.1829,1.1765,1.1779,-0.32%
09/07/2020,1.1833,1.1849,1.1811,1.1817,-0.18%
09/04/2020,1.1850,1.1866,1.1781,1.1838,-0.09%
09/03/2020,1.1852,1.1866,1.1789,1.1849,-0.03%
09/02/2020,1.1911,1.1931,1.1822,1.1853,-0.48%
09/01/2020,1.1936,1.2012,1.1901,1.1910,-0.22%
08/31/2020,1.1899,1.1967,1.1883,1.1936,0.28%
08/28/2020,1.1822,1.1920,1.1810,1.1903,0.69%
08/27/2020,1.1831,1.1902,1.1762,1.1821,-0.07%
08/26/2020,1.1834,1.1841,1.1772,1.1829,-0.03%
08/25/2020,1.1793,1.1845,1.1783,1.1833,0.39%
08/24/2020,1.1787,1.1851,1.1783,1.1787,-0.07%
08/21/2020,1.1860,1.1883,1.1754,1.1795,-0.54%
08/20/2020,1.1839,1.1869,1.1802,1.1859,0.19%
08/19/2020,1.1931,1.1954,1.1830,1.1836,-0.78%
08/18/2020,1.1870,1.1967,1.1865,1.1929,0.51%
08/17/2020,1.1840,1.1882,1.1829,1.1869,0.24%
08/14/2020,1.1815,1.1852,1.1782,1.1841,0.25%
08/13/2020,1.1786,1.1865,1.1781,1.1812,0.25%
08/12/2020,1.1740,1.1816,1.1710,1.1782,0.37%
08/11/2020,1.1738,1.1808,1.1722,1.1739,0.03%
08/10/2020,1.1788,1.1803,1.1736,1.1736,-0.42%
08/07/2020,1.1877,1.1884,1.1755,1.1786,-0.75%
08/06/2020,1.1863,1.1917,1.1818,1.1875,0.12%
08/05/2020,1.1802,1.1906,1.1793,1.1861,0.52%
08/04/2020,1.1765,1.1807,1.1720,1.1800,0.33%
08/03/2020,1.1783,1.1797,1.1696,1.1761,-0.11%
07/31/2020,1.1846,1.1910,1.1760,1.1774,-0.61%
07/30/2020,1.1788,1.1849,1.1731,1.1846,0.47%
07/29/2020,1.1718,1.1807,1.1714,1.1790,0.65%
07/28/2020,1.1753,1.1774,1.1698,1.1714,-0.31%
07/27/2020,1.1646,1.1782,1.1637,1.1751,0.83%
07/24/2020,1.1597,1.1659,1.1580,1.1654,0.52%
07/23/2020,1.1575,1.1628,1.1539,1.1594,0.22%
07/22/2020,1.1528,1.1602,1.1507,1.1568,0.36%
07/21/2020,1.1447,1.1540,1.1422,1.1526,0.72%
07/20/2020,1.1410,1.1468,1.1401,1.1444,0.16%
07/17/2020,1.1384,1.1444,1.1377,1.1426,0.38%
07/16/2020,1.1411,1.1443,1.1370,1.1383,-0.24%
07/15/2020,1.1400,1.1452,1.1391,1.1410,0.12%
07/14/2020,1.1343,1.1409,1.1324,1.1396,0.49%
07/13/2020,1.1300,1.1375,1.1297,1.1340,0.37%
07/10/2020,1.1285,1.1326,1.1255,1.1298,0.15%
07/09/2020,1.1329,1.1372,1.1279,1.1281,-0.42%
07/08/2020,1.1273,1.1352,1.1262,1.1329,0.52%
07/07/2020,1.1308,1.1334,1.1258,1.1270,-0.34%
07/06/2020,1.1242,1.1346,1.1240,1.1308,0.53%
07/03/2020,1.1239,1.1254,1.1219,1.1248,0.09%
07/02/2020,1.1252,1.1303,1.1222,1.1238,-0.11%
07/01/2020,1.1233,1.1276,1.1185,1.1250,0.17%
06/30/2020,1.1242,1.1263,1.1191,1.1231,-0.08%
06/29/2020,1.1227,1.1289,1.1216,1.1240,0.21%
06/26/2020,1.1218,1.1241,1.1194,1.1217,0.00%
06/25/2020,1.1251,1.1261,1.1190,1.1217,-0.29%
06/24/2020,1.1308,1.1327,1.1248,1.1250,-0.50%
06/23/2020,1.1259,1.1350,1.1233,1.1306,0.43%
06/22/2020,1.1185,1.1271,1.1168,1.1258,0.74%
06/19/2020,1.1205,1.1255,1.1168,1.1175,-0.24%
06/18/2020,1.1244,1.1264,1.1185,1.1202,-0.36%
06/17/2020,1.1264,1.1295,1.1207,1.1243,-0.18%
06/16/2020,1.1325,1.1353,1.1228,1.1263,-0.52%
06/15/2020,1.1245,1.1334,1.1226,1.1322,0.60%
06/12/2020,1.1299,1.1341,1.1212,1.1254,-0.38%
06/11/2020,1.1373,1.1404,1.1287,1.1297,-0.63%
06/10/2020,1.1340,1.1423,1.1322,1.1369,0.26%
06/09/2020,1.1297,1.1365,1.1241,1.1340,0.43%
06/08/2020,1.1289,1.1321,1.1267,1.1292,0.07%
06/05/2020,1.1337,1.1385,1.1278,1.1284,-0.46%
06/04/2020,1.1234,1.1363,1.1194,1.1336,0.93%
06/03/2020,1.1172,1.1257,1.1166,1.1232,0.56%
06/02/2020,1.1137,1.1197,1.1114,1.1169,0.31%
06/01/2020,1.1097,1.1155,1.1095,1.1134,0.32%
05/29/2020,1.1078,1.1146,1.1070,1.1098,0.20%
05/28/2020,1.1005,1.1094,1.0991,1.1076,0.66%
05/27/2020,1.0983,1.1032,1.0934,1.1003,0.21%
05/26/2020,1.0899,1.0997,1.0891,1.0980,0.74%
05/25/2020,1.0903,1.0915,1.0870,1.0899,-0.01%
05/22/2020,1.0949,1.0961,1.0885,1.0900,-0.45%
05/21/2020,1.0979,1.1010,1.0936,1.0949,-0.26%
05/20/2020,1.0928,1.1000,1.0918,1.0977,0.51%
05/19/2020,1.0913,1.0977,1.0901,1.0921,0.08%
05/18/2020,1.0816,1.0927,1.0799,1.0912,0.90%
05/15/2020,1.0805,1.0851,1.0789,1.0815,0.10%
05/14/2020,1.0819,1.0826,1.0775,1.0804,-0.11%
05/13/2020,1.0848,1.0897,1.0811,1.0816,-0.28%
05/12/2020,1.0807,1.0885,1.0784,1.0846,0.37%
05/11/2020,1.0838,1.0851,1.0800,1.0806,-0.31%
05/08/2020,1.0833,1.0876,1.0814,1.0840,0.07%
05/07/2020,1.0795,1.0835,1.0766,1.0832,0.35%
05/06/2020,1.0836,1.0848,1.0782,1.0794,-0.41%
05/05/2020,1.0907,1.0927,1.0826,1.0838,-0.62%
05/04/2020,1.0980,1.0980,1.0895,1.0906,-0.70%
05/01/2020,1.0956,1.1019,1.0934,1.0983,0.26%
04/30/2020,1.0872,1.0973,1.0833,1.0955,0.75%
04/29/2020,1.0819,1.0886,1.0818,1.0873,0.51%
04/28/2020,1.0829,1.0890,1.0810,1.0818,-0.09%
04/27/2020,1.0809,1.0862,1.0808,1.0828,0.07%
04/24/2020,1.0778,1.0831,1.0726,1.0820,0.41%
04/23/2020,1.0824,1.0848,1.0755,1.0776,-0.43%
04/22/2020,1.0857,1.0886,1.0802,1.0822,-0.31%
04/21/2020,1.0862,1.0882,1.0816,1.0856,-0.06%
04/20/2020,1.0875,1.0898,1.0841,1.0862,-0.13%
04/17/2020,1.0835,1.0893,1.0812,1.0876,0.38%
04/16/2020,1.0911,1.0913,1.0817,1.0835,-0.66%
04/15/2020,1.0980,1.0991,1.0856,1.0907,-0.66%
04/14/2020,1.0914,1.0988,1.0904,1.0979,0.60%
04/13/2020,1.0941,1.0969,1.0892,1.0913,-0.20%
04/10/2020,1.0930,1.0953,1.0919,1.0935,0.07%
04/09/2020,1.0857,1.0953,1.0841,1.0927,0.65%
04/08/2020,1.0891,1.0904,1.0829,1.0856,-0.30%
04/07/2020,1.0793,1.0926,1.0783,1.0889,0.91%
04/06/2020,1.0813,1.0835,1.0768,1.0791,-0.16%
04/03/2020,1.0858,1.0865,1.0773,1.0808,-0.44%
04/02/2020,1.0964,1.0970,1.0820,1.0856,-0.97%
04/01/2020,1.1031,1.1040,1.0903,1.0962,-0.61%
03/31/2020,1.1049,1.1056,1.0926,1.1029,-0.15%
03/30/2020,1.1136,1.1145,1.1010,1.1046,-0.84%
03/27/2020,1.1030,1.1148,1.0953,1.1140,1.02%
03/26/2020,1.0881,1.1059,1.0869,1.1028,1.36%
03/25/2020,1.0789,1.0895,1.0761,1.0880,0.86%
03/24/2020,1.0726,1.0889,1.0722,1.0787,0.62%
03/23/2020,1.0696,1.0828,1.0637,1.0721,0.25%
03/20/2020,1.0691,1.0832,1.0637,1.0694,0.04%
03/19/2020,1.0915,1.0982,1.0654,1.0690,-2.04%
03/18/2020,1.0997,1.1046,1.0802,1.0913,-0.75%
03/17/2020,1.1183,1.1190,1.0955,1.0996,-1.65%
03/16/2020,1.1085,1.1237,1.1046,1.1181,0.68%
03/13/2020,1.1185,1.1222,1.1054,1.1105,-0.70%
03/12/2020,1.1269,1.1334,1.1055,1.1183,-0.75%
03/11/2020,1.1280,1.1367,1.1257,1.1267,-0.11%
03/10/2020,1.1446,1.1459,1.1274,1.1279,-1.47%
03/09/2020,1.1292,1.1494,1.1284,1.1447,1.44%
03/06/2020,1.1238,1.1356,1.1212,1.1285,0.41%
03/05/2020,1.1136,1.1245,1.1119,1.1239,0.94%
03/04/2020,1.1172,1.1187,1.1094,1.1134,-0.33%
03/03/2020,1.1133,1.1214,1.1095,1.1171,0.35%
03/02/2020,1.1003,1.1186,1.1003,1.1132,0.97%
02/28/2020,1.1001,1.1054,1.0950,1.1025,0.25%
02/27/2020,1.0881,1.1006,1.0878,1.0998,1.09%
02/26/2020,1.0881,1.0910,1.0855,1.0879,0.00%
02/25/2020,1.0854,1.0891,1.0829,1.0879,0.25%
02/24/2020,1.0841,1.0872,1.0805,1.0852,0.08%
02/21/2020,1.0785,1.0864,1.0783,1.0843,0.56%
02/20/2020,1.0806,1.0821,1.0776,1.0783,-0.19%
02/19/2020,1.0791,1.0812,1.0782,1.0804,0.12%
02/18/2020,1.0838,1.0839,1.0785,1.0791,-0.40%
02/17/2020,1.0832,1.0852,1.0821,1.0834,0.04%
02/14/2020,1.0841,1.0862,1.0827,1.0830,-0.09%
02/13/2020,1.0874,1.0890,1.0833,1.0840,-0.29%
02/12/2020,1.0916,1.0927,1.0864,1.0871,-0.39%
02/11/2020,1.0911,1.0926,1.0891,1.0914,0.05%
02/10/2020,1.0951,1.0958,1.0907,1.0909,-0.31%
02/07/2020,1.0983,1.0986,1.0941,1.0943,-0.34%
02/06/2020,1.0999,1.1014,1.0964,1.0980,-0.15%
02/05/2020,1.1044,1.1049,1.0993,1.0997,-0.41%
02/04/2020,1.1059,1.1065,1.1033,1.1042,-0.14%
02/03/2020,1.1092,1.1096,1.1035,1.1058,-0.32%
01/31/2020,1.1032,1.1097,1.1016,1.1093,0.57%
01/30/2020,1.1010,1.1040,1.1006,1.1030,0.19%
01/29/2020,1.1022,1.1028,1.0991,1.1009,-0.10%
01/28/2020,1.1019,1.1026,1.0998,1.1020,0.04%
01/27/2020,1.1021,1.1039,1.1009,1.1016,-0.06%
01/24/2020,1.1055,1.1063,1.1020,1.1023,-0.26%
01/23/2020,1.1092,1.1109,1.1036,1.1052,-0.35%
01/22/2020,1.1084,1.1099,1.1070,1.1091,0.08%
01/21/2020,1.1095,1.1119,1.1080,1.1082,-0.11%
01/20/2020,1.1092,1.1104,1.1076,1.1094,0.05%
01/17/2020,1.1136,1.1143,1.1085,1.1088,-0.42%
01/16/2020,1.1151,1.1173,1.1128,1.1135,-0.13%
01/15/2020,1.1130,1.1164,1.1118,1.1149,0.20%
01/14/2020,1.1135,1.1145,1.1104,1.1127,-0.05%
01/13/2020,1.1125,1.1148,1.1112,1.1133,0.12%
01/10/2020,1.1106,1.1130,1.1085,1.1120,0.14%
01/09/2020,1.1106,1.1121,1.1092,1.1105,0.02%
01/08/2020,1.1154,1.1169,1.1101,1.1103,-0.43%
01/07/2020,1.1198,1.1198,1.1133,1.1151,-0.38%
01/06/2020,1.1168,1.1207,1.1155,1.1193,0.31%
01/03/2020,1.1172,1.1181,1.1125,1.1158,-0.11%
01/02/2020,1.1212,1.1227,1.1163,1.1170,-0.36%
01/01/2020,1.1213,1.1223,1.1205,1.1210,0.00%
12/31/2019,1.1198,1.1240,1.1198,1.1210,0.12%
12/30/2019,1.1175,1.1223,1.1170,1.1197,0.20%
12/27/2019,1.1097,1.1188,1.1095,1.1175,0.71%
12/26/2019,1.1091,1.1110,1.1082,1.1096,0.05%
12/25/2019,1.1089,1.1107,1.1073,1.1090,0.03%
12/24/2019,1.1089,1.1095,1.1069,1.1087,0.01%
12/23/2019,1.1081,1.1097,1.1069,1.1086,0.07%
12/20/2019,1.1122,1.1127,1.1065,1.1078,-0.38%
12/19/2019,1.1113,1.1145,1.1107,1.1120,0.08%
12/18/2019,1.1150,1.1156,1.1110,1.1111,-0.34%
12/17/2019,1.1143,1.1176,1.1128,1.1149,0.06%
12/16/2019,1.1122,1.1159,1.1122,1.1142,0.21%
12/13/2019,1.1129,1.1200,1.1111,1.1119,-0.08%
12/12/2019,1.1130,1.1155,1.1102,1.1128,0.00%
12/11/2019,1.1092,1.1145,1.1070,1.1128,0.32%
12/10/2019,1.1063,1.1099,1.1062,1.1092,0.27%
12/09/2019,1.1055,1.1079,1.1052,1.1062,0.05%
12/06/2019,1.1105,1.1111,1.1040,1.1057,-0.41%
12/05/2019,1.1079,1.1109,1.1077,1.1102,0.23%
12/04/2019,1.1082,1.1116,1.1066,1.1076,-0.05%
12/03/2019,1.1078,1.1094,1.1065,1.1081,0.04%
12/02/2019,1.1014,1.1090,1.1003,1.1077,0.56%
11/29/2019,1.1008,1.1029,1.0980,1.1015,0.07%
11/28/2019,1.0999,1.1019,1.0999,1.1007,0.08%
11/27/2019,1.1020,1.1026,1.0991,1.0998,-0.18%
11/26/2019,1.1014,1.1027,1.1006,1.1018,0.05%
11/25/2019,1.1024,1.1033,1.1004,1.1013,-0.08%
11/22/2019,1.1058,1.1086,1.1014,1.1022,-0.32%
11/21/2019,1.1074,1.1098,1.1051,1.1057,-0.14%
11/20/2019,1.1078,1.1083,1.1053,1.1072,-0.05%
11/19/2019,1.1072,1.1085,1.1062,1.1078,0.07%
11/18/2019,1.1052,1.1091,1.1048,1.1070,0.18%
11/15/2019,1.1021,1.1058,1.1014,1.1050,0.26%
11/14/2019,1.1006,1.1028,1.0989,1.1021,0.14%
11/13/2019,1.1010,1.1021,1.0994,1.1006,-0.01%
11/12/2019,1.1033,1.1040,1.1002,1.1007,-0.23%
11/11/2019,1.1022,1.1044,1.1016,1.1032,0.15%
11/08/2019,1.1050,1.1056,1.1016,1.1016,-0.30%
11/07/2019,1.1066,1.1092,1.1035,1.1049,-0.14%
11/06/2019,1.1075,1.1094,1.1064,1.1065,-0.08%
11/05/2019,1.1128,1.1141,1.1063,1.1074,-0.47%
11/04/2019,1.1165,1.1176,1.1124,1.1126,-0.35%
11/01/2019,1.1152,1.1172,1.1128,1.1165,0.13%
10/31/2019,1.1151,1.1176,1.1130,1.1150,0.02%
10/30/2019,1.1112,1.1152,1.1079,1.1148,0.34%
10/29/2019,1.1099,1.1120,1.1073,1.1110,0.11%
10/28/2019,1.1082,1.1108,1.1076,1.1098,0.18%
10/25/2019,1.1104,1.1123,1.1072,1.1078,-0.23%
10/24/2019,1.1131,1.1164,1.1092,1.1104,-0.22%
10/23/2019,1.1125,1.1141,1.1106,1.1129,0.04%
10/22/2019,1.1150,1.1158,1.1118,1.1124,-0.22%
10/21/2019,1.1143,1.1180,1.1137,1.1148,-0.19%
10/18/2019,1.1125,1.1173,1.1114,1.1169,0.42%
10/17/2019,1.1072,1.1141,1.1064,1.1122,0.47%
10/16/2019,1.1033,1.1086,1.1021,1.1070,0.35%
10/15/2019,1.1028,1.1047,1.0991,1.1031,0.03%
10/14/2019,1.1044,1.1050,1.1013,1.1028,-0.11%
10/11/2019,1.1006,1.1063,1.1000,1.1040,0.33%
10/10/2019,1.0971,1.1035,1.0970,1.1004,0.32%
10/09/2019,1.0956,1.0991,1.0951,1.0969,0.14%
10/08/2019,1.0971,1.0997,1.0941,1.0954,-0.15%
10/07/2019,1.0976,1.1001,1.0962,1.0970,-0.05%
10/04/2019,1.0963,1.0999,1.0956,1.0976,0.11%
10/03/2019,1.0959,1.1000,1.0941,1.0964,0.05%
10/02/2019,1.0933,1.0964,1.0904,1.0958,0.26%
10/01/2019,1.0900,1.0943,1.0878,1.0930,0.29%
09/30/2019,1.0940,1.0948,1.0884,1.0898,-0.37%
09/27/2019,1.0921,1.0960,1.0905,1.0938,0.16%
09/26/2019,1.0942,1.0969,1.0908,1.0921,-0.18%
09/25/2019,1.1020,1.1025,1.0937,1.0941,-0.70%
09/24/2019,1.0994,1.1025,1.0983,1.1018,0.25%
09/23/2019,1.1016,1.1027,1.0965,1.0991,-0.24%
09/20/2019,1.1042,1.1069,1.0996,1.1017,-0.21%
09/19/2019,1.1030,1.1075,1.1022,1.1040,0.10%
09/18/2019,1.1073,1.1077,1.1013,1.1029,-0.38%
09/17/2019,1.1000,1.1076,1.0990,1.1071,0.65%
09/16/2019,1.1087,1.1093,1.0993,1.1000,-0.66%